verdict,confidence,organization,title,url,severity,code,problem,suggested_fix
quarantine,0,Intact,Security Analyst I — 4 Month Internship/Co-op,https://ca.indeed.com/m/jobs?l=Toronto%2C+ON&q=Winter+Co+Op,critical,search_url_as_listing,"Presented as a specific opening, but the URL is a Indeed mobile search page","Replace with the direct posting URL, or reclassify this record as a monitored search source rather than an opening."
quarantine,0,Intact,Security Analyst I — 4 Month Internship/Co-op,https://ca.indeed.com/m/jobs?l=Toronto%2C+ON&q=Winter+Co+Op,warning,bot_protected_source,"ca.indeed.com blocks automated checks, so this listing can never be auto-verified",Find the employer's own posting URL. Until then this needs periodic manual review.
quarantine,0,Intact,Security Analyst I — 4 Month Internship/Co-op,https://ca.indeed.com/m/jobs?l=Toronto%2C+ON&q=Winter+Co+Op,warning,never_verified,Status is 'verify before applying' -- this has never been confirmed,"Run the network verifier, or check manually."
quarantine,0,Intact,Software Developer I — 4 Month Internship/Co-op,https://emplois.ca.indeed.com/q-winter-co-op-l-greater-toronto-area%2C-on-jobs.html,critical,search_url_as_listing,"Presented as a specific opening, but the URL is a Indeed keyword search page","Replace with the direct posting URL, or reclassify this record as a monitored search source rather than an opening."
quarantine,0,Intact,Software Developer I — 4 Month Internship/Co-op,https://emplois.ca.indeed.com/q-winter-co-op-l-greater-toronto-area%2C-on-jobs.html,warning,bot_protected_source,"emplois.ca.indeed.com blocks automated checks, so this listing can never be auto-verified",Find the employer's own posting URL. Until then this needs periodic manual review.
quarantine,0,Intact,Software Developer I — 4 Month Internship/Co-op,https://emplois.ca.indeed.com/q-winter-co-op-l-greater-toronto-area%2C-on-jobs.html,warning,never_verified,Status is 'verify before applying' -- this has never been confirmed,"Run the network verifier, or check manually."
quarantine,0,Ontario Power Generation,Fall 2026 — Business Analytics & Adult Education Programs,https://jobs.opg.com/go/Our-Students-%26-New-Grads/2626017?q=&sortColumn=sort_title&sortDirection=asc,critical,search_url_as_listing,"Presented as a specific opening, but the URL is a sorted result listing, not a posting","Replace with the direct posting URL, or reclassify this record as a monitored search source rather than an opening."
quarantine,0,Ontario Power Generation,Fall 2026 — Business Analytics & Adult Education Programs,https://jobs.opg.com/go/Our-Students-%26-New-Grads/2626017?q=&sortColumn=sort_title&sortDirection=asc,warning,never_verified,Status is 'verify before applying' -- this has never been confirmed,"Run the network verifier, or check manually."
quarantine,0,Ontario Power Generation,Fall 2026 — MBA Student,https://jobs.opg.com/go/Our-Students-%26-New-Grads/2626017?q=&sortColumn=sort_title&sortDirection=asc,critical,search_url_as_listing,"Presented as a specific opening, but the URL is a sorted result listing, not a posting","Replace with the direct posting URL, or reclassify this record as a monitored search source rather than an opening."
quarantine,0,Ontario Power Generation,Fall 2026 — MBA Student,https://jobs.opg.com/go/Our-Students-%26-New-Grads/2626017?q=&sortColumn=sort_title&sortDirection=asc,warning,never_verified,Status is 'verify before applying' -- this has never been confirmed,"Run the network verifier, or check manually."
quarantine,0,Hydro One,College Co-op Student — Outage Planning,https://jobs.hydroone.com/job/Barrie-College-Co-Op-Student-Outage-Planning-4-Months-Winter-2026-ON/1290316647/,critical,term_passed,Work term 'Winter 2026' ended before 2026-09-26,Archive it. Keep for next-cycle pattern data.
quarantine,0,Stantec,Community Development Co-op Student,https://www.eluta.ca/spl/community-development-co-op-student-summer-2026-4-12-months-a03e5f280973589efac38f43a5758119,critical,term_passed,Work term 'Summer 2026 / 4–12 months' ended before 2026-09-26,Archive it. Keep for next-cycle pattern data.
quarantine,0,Niagara Parks Commission,Environmental Stewardship Co-op,https://www.eluta.ca/spl/environmental-stewardship-co-op-e66b7abb8a312133260b071835ccfa7c,critical,term_passed,Work term 'Summer 2026' ended before 2026-09-26,Archive it. Keep for next-cycle pattern data.
quarantine,0,Uline,Outside Sales Internship / Co-op,https://ca.indeed.com/q-uline-jobs-l-ontario-jobs.html,critical,search_url_as_listing,"Presented as a specific opening, but the URL is a Indeed keyword search page","Replace with the direct posting URL, or reclassify this record as a monitored search source rather than an opening."
quarantine,0,Uline,Outside Sales Internship / Co-op,https://ca.indeed.com/q-uline-jobs-l-ontario-jobs.html,warning,bot_protected_source,"ca.indeed.com blocks automated checks, so this listing can never be auto-verified",Find the employer's own posting URL. Until then this needs periodic manual review.
quarantine,0,Uline,Outside Sales Internship / Co-op,https://ca.indeed.com/q-uline-jobs-l-ontario-jobs.html,critical,term_passed,Work term 'Summer 2026' ended before 2026-09-26,Archive it. Keep for next-cycle pattern data.
quarantine,0,General Dynamics Land Systems,"Student, Supply Chain Analyst",https://ca.indeed.com/q-general-dynamics-land-systems-l-london%2C-on-jobs.html,critical,search_url_as_listing,"Presented as a specific opening, but the URL is a Indeed keyword search page","Replace with the direct posting URL, or reclassify this record as a monitored search source rather than an opening."
quarantine,0,General Dynamics Land Systems,"Student, Supply Chain Analyst",https://ca.indeed.com/q-general-dynamics-land-systems-l-london%2C-on-jobs.html,warning,bot_protected_source,"ca.indeed.com blocks automated checks, so this listing can never be auto-verified",Find the employer's own posting URL. Until then this needs periodic manual review.
quarantine,0,General Dynamics Land Systems,"Student, Supply Chain Analyst",https://ca.indeed.com/q-general-dynamics-land-systems-l-london%2C-on-jobs.html,warning,never_verified,Status is 'verify before applying' -- this has never been confirmed,"Run the network verifier, or check manually."
quarantine,0,General Dynamics Land Systems,"Student, Software Developer",https://ca.indeed.com/q-general-dynamics-land-systems-student-l-london%2C-on-jobs.html,critical,search_url_as_listing,"Presented as a specific opening, but the URL is a Indeed keyword search page","Replace with the direct posting URL, or reclassify this record as a monitored search source rather than an opening."
quarantine,0,General Dynamics Land Systems,"Student, Software Developer",https://ca.indeed.com/q-general-dynamics-land-systems-student-l-london%2C-on-jobs.html,warning,bot_protected_source,"ca.indeed.com blocks automated checks, so this listing can never be auto-verified",Find the employer's own posting URL. Until then this needs periodic manual review.
quarantine,0,General Dynamics Land Systems,"Student, Software Developer",https://ca.indeed.com/q-general-dynamics-land-systems-student-l-london%2C-on-jobs.html,warning,never_verified,Status is 'verify before applying' -- this has never been confirmed,"Run the network verifier, or check manually."
quarantine,0,Accounting firm / Ontario offices,Staff Accountant — Audit Public/Private Co-op/Intern,https://ca.indeed.com/viewjob?jk=2877129e0d8b6e2f,warning,bot_protected_source,"ca.indeed.com blocks automated checks, so this listing can never be auto-verified",Find the employer's own posting URL. Until then this needs periodic manual review.
quarantine,0,Accounting firm / Ontario offices,Staff Accountant — Audit Public/Private Co-op/Intern,https://ca.indeed.com/viewjob?jk=2877129e0d8b6e2f,critical,vague_employer,"'Accounting firm / Ontario offices' is a category, not a named organisation",Students cannot research or apply to a category. Identify the actual employer or remove the record.
quarantine,0,Accounting firm / Ontario offices,Staff Accountant — Audit Public/Private Co-op/Intern,https://ca.indeed.com/viewjob?jk=2877129e0d8b6e2f,warning,never_verified,Status is 'verify before applying' -- this has never been confirmed,"Run the network verifier, or check manually."
quarantine,0,MNP,"Co-op Accountant, Assurance and Accounting",https://ca.indeed.com/q-student-jobs-l-london%2C-on-jobs.html?vjk=325889a359eae6d4,critical,search_url_as_listing,"Presented as a specific opening, but the URL is a Indeed keyword search page","Replace with the direct posting URL, or reclassify this record as a monitored search source rather than an opening."
quarantine,0,MNP,"Co-op Accountant, Assurance and Accounting",https://ca.indeed.com/q-student-jobs-l-london%2C-on-jobs.html?vjk=325889a359eae6d4,warning,bot_protected_source,"ca.indeed.com blocks automated checks, so this listing can never be auto-verified",Find the employer's own posting URL. Until then this needs periodic manual review.
quarantine,0,MNP,"Co-op Accountant, Assurance and Accounting",https://ca.indeed.com/q-student-jobs-l-london%2C-on-jobs.html?vjk=325889a359eae6d4,warning,never_verified,Status is 'verify before applying' -- this has never been confirmed,"Run the network verifier, or check manually."
quarantine,0,Automotive employer,Co-op / Intern — Master Planning & Logistics,https://ca.indeed.com/q-co-op-internship-l-ontario-jobs.html,critical,search_url_as_listing,"Presented as a specific opening, but the URL is a Indeed keyword search page","Replace with the direct posting URL, or reclassify this record as a monitored search source rather than an opening."
quarantine,0,Automotive employer,Co-op / Intern — Master Planning & Logistics,https://ca.indeed.com/q-co-op-internship-l-ontario-jobs.html,warning,bot_protected_source,"ca.indeed.com blocks automated checks, so this listing can never be auto-verified",Find the employer's own posting URL. Until then this needs periodic manual review.
quarantine,0,Automotive employer,Co-op / Intern — Master Planning & Logistics,https://ca.indeed.com/q-co-op-internship-l-ontario-jobs.html,critical,vague_employer,"'Automotive employer' is a category, not a named organisation",Students cannot research or apply to a category. Identify the actual employer or remove the record.
quarantine,0,Automotive employer,Co-op / Intern — Master Planning & Logistics,https://ca.indeed.com/q-co-op-internship-l-ontario-jobs.html,critical,term_passed,Work term 'August 2026 / 8 months' ended before 2026-09-26,Archive it. Keep for next-cycle pattern data.
quarantine,0,Automotive employer,Co-op / Intern — Master Planning & Logistics,https://ca.indeed.com/q-co-op-internship-l-ontario-jobs.html,warning,never_verified,Status is 'verify before applying' -- this has never been confirmed,"Run the network verifier, or check manually."
quarantine,0,Industrial and Commercial Bank of China (Canada),IT / Business Co-op — 12-month fixed term,https://ca.indeed.com/q-developer-intern-it-intern-co-op-student-l-ontario-jobs.html,critical,search_url_as_listing,"Presented as a specific opening, but the URL is a Indeed keyword search page","Replace with the direct posting URL, or reclassify this record as a monitored search source rather than an opening."
quarantine,0,Industrial and Commercial Bank of China (Canada),IT / Business Co-op — 12-month fixed term,https://ca.indeed.com/q-developer-intern-it-intern-co-op-student-l-ontario-jobs.html,warning,bot_protected_source,"ca.indeed.com blocks automated checks, so this listing can never be auto-verified",Find the employer's own posting URL. Until then this needs periodic manual review.
quarantine,0,Industrial and Commercial Bank of China (Canada),IT / Business Co-op — 12-month fixed term,https://ca.indeed.com/q-developer-intern-it-intern-co-op-student-l-ontario-jobs.html,warning,never_verified,Status is 'verify before applying' -- this has never been confirmed,"Run the network verifier, or check manually."
quarantine,0,Community Living York South,Full-Time Summer Camp Child/Youth Support Worker,https://ca.indeed.com/q-community-living-york-south-l-markham%2C-on-jobs.html,critical,search_url_as_listing,"Presented as a specific opening, but the URL is a Indeed keyword search page","Replace with the direct posting URL, or reclassify this record as a monitored search source rather than an opening."
quarantine,0,Community Living York South,Full-Time Summer Camp Child/Youth Support Worker,https://ca.indeed.com/q-community-living-york-south-l-markham%2C-on-jobs.html,warning,bot_protected_source,"ca.indeed.com blocks automated checks, so this listing can never be auto-verified",Find the employer's own posting URL. Until then this needs periodic manual review.
quarantine,0,Community Living York South,Full-Time Summer Camp Child/Youth Support Worker,https://ca.indeed.com/q-community-living-york-south-l-markham%2C-on-jobs.html,critical,term_passed,Work term 'Summer 2026' ended before 2026-09-26,Archive it. Keep for next-cycle pattern data.
quarantine,0,Toronto Botanical Garden,Summer Student Worker,https://ca.indeed.com/q-student-summer-l-richmond-hill%2C-on-jobs.html,critical,search_url_as_listing,"Presented as a specific opening, but the URL is a Indeed keyword search page","Replace with the direct posting URL, or reclassify this record as a monitored search source rather than an opening."
quarantine,0,Toronto Botanical Garden,Summer Student Worker,https://ca.indeed.com/q-student-summer-l-richmond-hill%2C-on-jobs.html,warning,bot_protected_source,"ca.indeed.com blocks automated checks, so this listing can never be auto-verified",Find the employer's own posting URL. Until then this needs periodic manual review.
quarantine,0,Toronto Botanical Garden,Summer Student Worker,https://ca.indeed.com/q-student-summer-l-richmond-hill%2C-on-jobs.html,critical,term_passed,Work term 'Summer 2026' ended before 2026-09-26,Archive it. Keep for next-cycle pattern data.
quarantine,0,Rooks to Cooks,Back Up Summer Program Coordinator,https://ca.indeed.com/q-summer-student-l-richmond-hill%2C-on-jobs.html,critical,search_url_as_listing,"Presented as a specific opening, but the URL is a Indeed keyword search page","Replace with the direct posting URL, or reclassify this record as a monitored search source rather than an opening."
quarantine,0,Rooks to Cooks,Back Up Summer Program Coordinator,https://ca.indeed.com/q-summer-student-l-richmond-hill%2C-on-jobs.html,warning,bot_protected_source,"ca.indeed.com blocks automated checks, so this listing can never be auto-verified",Find the employer's own posting URL. Until then this needs periodic manual review.
quarantine,0,Rooks to Cooks,Back Up Summer Program Coordinator,https://ca.indeed.com/q-summer-student-l-richmond-hill%2C-on-jobs.html,critical,term_passed,Work term 'Summer 2026' ended before 2026-09-26,Archive it. Keep for next-cycle pattern data.
quarantine,0,Safehaven / youth-service employers,Summer Student / Youth Program Leads,https://ca.indeed.com/q-summer-student-l-woodbridge%2C-on-jobs.html,warning,bot_protected_source,"ca.indeed.com blocks automated checks, so this listing can never be auto-verified",Find the employer's own posting URL. Until then this needs periodic manual review.
quarantine,0,Safehaven / youth-service employers,Summer Student / Youth Program Leads,https://ca.indeed.com/q-summer-student-l-woodbridge%2C-on-jobs.html,critical,vague_employer,"'Safehaven / youth-service employers' is a category, not a named organisation",Students cannot research or apply to a category. Identify the actual employer or remove the record.
quarantine,0,Safehaven / youth-service employers,Summer Student / Youth Program Leads,https://ca.indeed.com/q-summer-student-l-woodbridge%2C-on-jobs.html,critical,term_passed,Work term 'Summer 2026 / next cycle' ended before 2026-09-26,Archive it. Keep for next-cycle pattern data.
review,70,RBC,"2026 Fall – GRM, AI Innovation Business Analyst Intern",https://jobs.rbc.com/ca/en/featuredopportunities/student-early-talent-jobs,warning,hub_url_as_listing,"Presented as a specific opening, but the URL is a career hub page","Link the individual posting, or relabel as a hub source."
review,70,RBC,"2026 Fall – GRM, AI Innovation Business Analyst Intern",https://jobs.rbc.com/ca/en/featuredopportunities/student-early-talent-jobs,warning,never_verified,Status is 'verify before applying' -- this has never been confirmed,"Run the network verifier, or check manually."
review,70,RBC,"2026 Fall – GRM, Developer – AI Innovation for Risk Management",https://jobs.rbc.com/ca/en/featuredopportunities/student-early-talent-jobs,warning,hub_url_as_listing,"Presented as a specific opening, but the URL is a career hub page","Link the individual posting, or relabel as a hub source."
review,70,RBC,"2026 Fall – GRM, Developer – AI Innovation for Risk Management",https://jobs.rbc.com/ca/en/featuredopportunities/student-early-talent-jobs,warning,never_verified,Status is 'verify before applying' -- this has never been confirmed,"Run the network verifier, or check manually."
review,70,Intact,IT Technical Advisor I — 4 Month Internship/Co-op,https://ca.linkedin.com/jobs/view/it-technical-advisor-i-%E2%80%93-4-month-internship-co-op-fall-2026-at-intact-4408693641,warning,bot_protected_source,"ca.linkedin.com blocks automated checks, so this listing can never be auto-verified",Find the employer's own posting URL. Until then this needs periodic manual review.
review,70,Intact,IT Technical Advisor I — 4 Month Internship/Co-op,https://ca.linkedin.com/jobs/view/it-technical-advisor-i-%E2%80%93-4-month-internship-co-op-fall-2026-at-intact-4408693641,warning,never_verified,Status is 'verify before applying' -- this has never been confirmed,"Run the network verifier, or check manually."
review,79,Peel Regional Police,Co-op Student — Business Planning and Analysis,https://www.eluta.ca/spl/co-op-student-business-planning-and-analysis-32bdc353451164bb07a6ce6f876b3fe7,warning,never_verified,Status is 'verify before applying' -- this has never been confirmed,"Run the network verifier, or check manually."
review,79,IKO Industries Ltd.,Logistics Co-op,https://www.eluta.ca/spl/logistics-co-op-549eed8b812b4ea6dfada94880c5ba2c,warning,never_verified,Status is 'verify before applying' -- this has never been confirmed,"Run the network verifier, or check manually."
review,82,Scotiabank,ASPIRE Commercial Banking — National Office Co-op / Internship,https://www.eluta.ca/spl/aspire-commercial-banking-national-office-fall-2026-co-op-internship-job-details-scotiabank-681b6428257abed2e927bb6ae967e8fd,warning,never_verified,Status is 'verify before applying' -- this has never been confirmed,"Run the network verifier, or check manually."
review,82,Scotiabank,Canadian Banking — Accounting Automotive Finance Internship/Co-op,https://www.eluta.ca/spl/canadian-banking-accounting-automotive-finance-internship-co-op-fall-2026-job-details-97aaa479cf4a5df6bd6abb0f84c0b668,warning,never_verified,Status is 'verify before applying' -- this has never been confirmed,"Run the network verifier, or check manually."
review,82,Scotiabank,Global Operations — Detection and Application Fraud Internship/Co-op,https://www.eluta.ca/spl/global-operations-detection-and-application-fraud-internship-co-op-fall-2026-jobdetails-b25bb544fb4ad600c6e203a8d62af4e0,warning,never_verified,Status is 'verify before applying' -- this has never been confirmed,"Run the network verifier, or check manually."
review,82,Scotiabank,Velocity — Finance Accounting Internship/Co-op,https://www.eluta.ca/spl/velocity-finance-accounting-internship-co-op-fall-2026-job-details-scotiabank-866d1dc2857a2b57b7256efabf2d042a,warning,never_verified,Status is 'verify before applying' -- this has never been confirmed,"Run the network verifier, or check manually."
review,82,Scotiabank,Velocity — Cloud Engineer Internship/Co-op,https://www.eluta.ca/spl/velocity-cloud-engineer-internship-co-op-fall-2026-job-details-scotiabank-79356c6cd35d039e6bcd90d972b23fc6,warning,never_verified,Status is 'verify before applying' -- this has never been confirmed,"Run the network verifier, or check manually."
review,82,Scotiabank,Canadian Banking — Technology Analysis Internship/Co-op,https://www.eluta.ca/spl/canadian-banking-technology-analysis-internship-co-op-fall-2026-job-details-scotiabank-a5ab72235fc8749ab6f70a51fdcdcfcc,warning,never_verified,Status is 'verify before applying' -- this has never been confirmed,"Run the network verifier, or check manually."
review,82,Arup,Civil Project Management Intern / Co-op,https://jobs.arup.com/jobs/civil-project-management-intern-co-op-3677,warning,never_verified,Status is 'verify before applying' -- this has never been confirmed,"Run the network verifier, or check manually."
review,82,Arup,Architecture Intern / Co-op,https://jobs.arup.com/jobs/architecture-intern-co-op-5194,warning,never_verified,Status is 'verify before applying' -- this has never been confirmed,"Run the network verifier, or check manually."
review,82,Arup,BIM Intern / Co-op,https://jobs.arup.com/jobs/bim-intern-co-op-5202,warning,never_verified,Status is 'verify before applying' -- this has never been confirmed,"Run the network verifier, or check manually."
review,82,Arup,Software Development Intern / Co-op,https://jobs.arup.com/jobs/software-development-intern-co-op-1403,warning,never_verified,Status is 'verify before applying' -- this has never been confirmed,"Run the network verifier, or check manually."
review,85,TD Bank,Fund My Business Intern / Co-op,https://td.wd3.myworkdayjobs.com/en-US/TD_Bank_Careers/job/Toronto-Ontario/Fund-My-Business-Intern---Co-Op_R_1480660,warning,never_verified,Status is 'verify before applying' -- this has never been confirmed,"Run the network verifier, or check manually."
review,85,TD Bank,Governance & Control Intern / Co-op,https://td.wd3.myworkdayjobs.com/TD_Bank_Careers/job/Toronto-Ontario/Governance---Control-Intern---Co-Op--FALL-2026-_R_1481025,warning,never_verified,Status is 'verify before applying' -- this has never been confirmed,"Run the network verifier, or check manually."
review,85,TD Bank,Run My Business Intern / Co-op,https://td.wd3.myworkdayjobs.com/TD_Bank_Careers/job/TD-Centre---West---100-Wellington-Street-West-Toronto-Ontario/Run-My-Business-Intern---Co-Op--FALL-2026-_R_1481183,warning,never_verified,Status is 'verify before applying' -- this has never been confirmed,"Run the network verifier, or check manually."
review,85,TD Bank,Wealth Colleague Experience Intern/Co-op,https://td.wd3.myworkdayjobs.com/en-US/TD_Bank_Careers/job/Wealth-Colleague-Experience-Intern-Co-Op--Fall-2026-_R_1479122,warning,never_verified,Status is 'verify before applying' -- this has never been confirmed,"Run the network verifier, or check manually."
review,85,TD Bank,Digital Servicing Intern/Co-op,https://td.wd3.myworkdayjobs.com/en-US/TD_Bank_Careers/job/Digital-Servicing-Intern-Co-op--FALL-2026-_R_1481233,warning,never_verified,Status is 'verify before applying' -- this has never been confirmed,"Run the network verifier, or check manually."
review,85,Arup,Project Management Intern,https://jobs.arup.com/jobs/project-management-intern-august-december-2026-32738,warning,never_verified,Status is 'verify before applying' -- this has never been confirmed,"Run the network verifier, or check manually."
review,85,Arup,Marketing Intern,https://jobs.arup.com/jobs/marketing-intern-august-december-2026-32787,warning,never_verified,Status is 'verify before applying' -- this has never been confirmed,"Run the network verifier, or check manually."
review,85,Arup,Fire Safety Intern,https://jobs.arup.com/jobs/fire-safety-intern-august-december-2026-32744,warning,never_verified,Status is 'verify before applying' -- this has never been confirmed,"Run the network verifier, or check manually."
